climate_model,scenario,period,C0L0,C0L1,C1L0,C1L1,climate_effect,lulc_effect,interaction,combined_effect
ACCESS-CM2,ssp245,late_2081_2100,0.12407963822837798,0.1192800013976062,0.15462969784301706,0.15185741650593867,0.03055005961463908,-0.004799636830771781,0.0020273554936934,0.0277777782775607
ACCESS-CM2,ssp245,mid_2041_2060,0.12407963822837798,0.12073684386788007,0.15392677339367067,0.15021753177461353,0.029847135165292693,-0.0033427943604979055,-0.00036644725855923543,0.026137893546235552
ACCESS-CM2,ssp245,near_2021_2040,0.12407963822837798,0.12253267210808966,0.15583506126488705,0.15353494259549486,0.03175542303650908,-0.0015469661202883178,-0.0007531525491038804,0.02945530436711688
ACCESS-CM2,ssp585,late_2081_2100,0.12407963822837798,0.11817561309968037,0.1398417183181473,0.13203310655504638,0.015762080089769315,-0.005904025128697601,-0.0019045866344032936,0.007953468326668406
ACCESS-CM2,ssp585,mid_2041_2060,0.12407963822837798,0.11863000207435682,0.14854948408784058,0.14151282980090807,0.024469845859462602,-0.005449636154021151,-0.0015870181329113442,0.017433191572530093
ACCESS-CM2,ssp585,near_2021_2040,0.12407963822837798,0.12018177332686245,0.14483166911071135,0.14083722252007694,0.020752030882333378,-0.0038978649015155298,-9.658168911888532e-05,0.016757584291698963
ACCESS-ESM1-5,ssp245,late_2081_2100,0.12407963822837798,0.1192800013976062,0.14396042108857093,0.14034628789446174,0.019880782860192958,-0.004799636830771781,0.0011855036366625882,0.016266649666083766
ACCESS-ESM1-5,ssp245,mid_2041_2060,0.12407963822837798,0.12073684386788007,0.14298840543689884,0.1412475479968617,0.01890876720852086,-0.0033427943604979055,0.0016019369204607753,0.01716790976848373
ACCESS-ESM1-5,ssp245,near_2021_2040,0.12407963822837798,0.12253267210808966,0.15402981764388796,0.15198927885053726,0.02995017941550998,-0.0015469661202883178,-0.0004935726730623813,0.027909640622159282
ACCESS-ESM1-5,ssp585,late_2081_2100,0.12407963822837798,0.11817561309968037,0.14210369513663793,0.13613634269089062,0.01802405690825995,-0.005904025128697601,-6.332731704970784e-05,0.01205670446251264
ACCESS-ESM1-5,ssp585,mid_2041_2060,0.12407963822837798,0.11863000207435682,0.14572601244015268,0.13980566839772213,0.021646374211774705,-0.005449636154021151,-0.00047070788840940236,0.015726030169344152
ACCESS-ESM1-5,ssp585,near_2021_2040,0.12407963822837798,0.12018177332686245,0.15662579522464012,0.1519229714840389,0.03254615699626215,-0.0038978649015155298,-0.0008049588390856843,0.027843333255660935
CanESM5,ssp245,late_2081_2100,0.12407963822837798,0.1192800013976062,0.14224615520093678,0.13927863524574882,0.018166516972558805,-0.004799636830771781,0.0018321168755838224,0.015198997017370847
CanESM5,ssp245,mid_2041_2060,0.12407963822837798,0.12073684386788007,0.1450983832278969,0.14207369817184573,0.021018744999518918,-0.0033427943604979055,0.00031810930444674257,0.017994059943467755
CanESM5,ssp245,near_2021_2040,0.12407963822837798,0.12253267210808966,0.13982219722644548,0.1382847956313237,0.015742558998067507,-0.0015469661202883178,9.564525166538829e-06,0.014205157402945728
CanESM5,ssp585,late_2081_2100,0.12407963822837798,0.11817561309968037,0.13210583430452782,0.12390132551368546,0.00802619607614985,-0.005904025128697601,-0.0023004836621447478,-0.00017831271469251342
CanESM5,ssp585,mid_2041_2060,0.12407963822837798,0.11863000207435682,0.1334089343458279,0.12581445974065675,0.009329296117449926,-0.005449636154021151,-0.0021448384511499885,0.0017348215122787725
CanESM5,ssp585,near_2021_2040,0.12407963822837798,0.12018177332686245,0.13674930573237082,0.13121703673053872,0.012669667503992843,-0.0038978649015155298,-0.0016344041003165666,0.007137398502160747
INM-CM5-0,ssp245,late_2081_2100,0.12407963822837798,0.1192800013976062,0.15171333056642047,0.14720060377678726,0.027633692338042498,-0.004799636830771781,0.0002869100411385661,0.023120965548409284
INM-CM5-0,ssp245,mid_2041_2060,0.12407963822837798,0.12073684386788007,0.14527901627885983,0.140587099305764,0.02119937805048186,-0.0033427943604979055,-0.0013491226125979527,0.016507461077386015
INM-CM5-0,ssp245,near_2021_2040,0.12407963822837798,0.12253267210808966,0.13767144972398596,0.13567241217008372,0.01359181149560798,-0.0015469661202883178,-0.0004520714336139209,0.011592773941705742
INM-CM5-0,ssp585,late_2081_2100,0.12407963822837798,0.11817561309968037,0.14203906434742364,0.13615362205314469,0.017959426119045663,-0.005904025128697601,1.8582834418648386e-05,0.01207398382476671
INM-CM5-0,ssp585,mid_2041_2060,0.12407963822837798,0.11863000207435682,0.14362853613771967,0.1374708082436922,0.019548897909341695,-0.005449636154021151,-0.0007080917400063141,0.01339117001531423
INM-CM5-0,ssp585,near_2021_2040,0.12407963822837798,0.12018177332686245,0.148541729917023,0.1439208651694212,0.02446209168864502,-0.0038978649015155298,-0.0007229998460862586,0.019841226941043233
IPSL-CM6A-LR,ssp245,late_2081_2100,0.12407963822837798,0.1192800013976062,0.14172774559626006,0.14044922091871864,0.017648107367882082,-0.004799636830771781,0.0035211121532303657,0.016369582690340667
IPSL-CM6A-LR,ssp245,mid_2041_2060,0.12407963822837798,0.12073684386788007,0.13838591294891678,0.13542206420464967,0.014306274720538803,-0.0033427943604979055,0.00037894561623079415,0.011342425976271692
IPSL-CM6A-LR,ssp245,near_2021_2040,0.12407963822837798,0.12253267210808966,0.14228047971487087,0.14070264882792327,0.018200841486492897,-0.0015469661202883178,-3.086476665928317e-05,0.016623010599545296
IPSL-CM6A-LR,ssp585,late_2081_2100,0.12407963822837798,0.11817561309968037,0.13463727457212543,0.1294632237493746,0.010557636343747456,-0.005904025128697601,0.0007299743059467761,0.005383585520996631
IPSL-CM6A-LR,ssp585,mid_2041_2060,0.12407963822837798,0.11863000207435682,0.13705112008220693,0.13213370773671057,0.012971481853828959,-0.005449636154021151,0.0005322238085247871,0.008054069508332595
IPSL-CM6A-LR,ssp585,near_2021_2040,0.12407963822837798,0.12018177332686245,0.13563230520484193,0.13151891427693807,0.011552666976463954,-0.0038978649015155298,-0.00021552602638832963,0.007439276048560095
MIROC6,ssp245,late_2081_2100,0.12407963822837798,0.1192800013976062,0.1638904212471824,0.15766984874428402,0.03981078301880442,-0.004799636830771781,-0.0014209356721265887,0.03359021051590605
MIROC6,ssp245,mid_2041_2060,0.12407963822837798,0.12073684386788007,0.16332958105703946,0.1594580582890561,0.03924994282866148,-0.0033427943604979055,-0.0005287284074854542,0.03537842006067812
MIROC6,ssp245,near_2021_2040,0.12407963822837798,0.12253267210808966,0.14383118814330523,0.14156636436756811,0.019751549914927252,-0.0015469661202883178,-0.0007178576554487948,0.01748672613919014
MIROC6,ssp585,late_2081_2100,0.12407963822837798,0.11817561309968037,0.13440607360172271,0.12739449343290976,0.010326435373344739,-0.005904025128697601,-0.0011075550401153378,0.003314855204531786
MIROC6,ssp585,mid_2041_2060,0.12407963822837798,0.11863000207435682,0.1366382281569104,0.1301508260235396,0.012558589928532427,-0.005449636154021151,-0.0010377659793496252,0.006071187795161637
MIROC6,ssp585,near_2021_2040,0.12407963822837798,0.12018177332686245,0.1268269785349135,0.12279247044794027,0.002747340306535534,-0.0038978649015155298,-0.00013664318545771048,-0.0012871677804377063
TaiESM1,ssp245,late_2081_2100,0.12407963822837798,0.1192800013976062,0.16354335284789637,0.15604164576368426,0.03946371461951839,-0.004799636830771781,-0.002702070253440325,0.031962007535306286
TaiESM1,ssp245,mid_2041_2060,0.12407963822837798,0.12073684386788007,0.1598432792438464,0.15493648899235693,0.03576364101546842,-0.0033427943604979055,-0.001563995890991543,0.030856850763978955
TaiESM1,ssp245,near_2021_2040,0.12407963822837798,0.12253267210808966,0.13772939264600742,0.13601070529900047,0.013649754417629445,-0.0015469661202883178,-0.00017172122671862966,0.011931067070622497
TaiESM1,ssp585,late_2081_2100,0.12407963822837798,0.11817561309968037,0.15005180995112696,0.14170175801019164,0.025972171722748988,-0.005904025128697601,-0.0024460268122377116,0.01762211978181366
TaiESM1,ssp585,mid_2041_2060,0.12407963822837798,0.11863000207435682,0.15460877473405793,0.14698148609729778,0.030529136505679955,-0.005449636154021151,-0.00217765248273899,0.0229018478689198
TaiESM1,ssp585,near_2021_2040,0.12407963822837798,0.12018177332686245,0.14640543353598195,0.14149614020304227,0.02232579530760398,-0.0038978649015155298,-0.001011428431424155,0.017416501974664295
