interface,scenario,period,threshold,baseline_area_km2,future_area_km2,delta_area_km2
harmonized,ssp245,late_2081_2100,0.08,142096.1459350586,169598.07069778442,27501.92476272583
harmonized,ssp245,late_2081_2100,0.09,134541.96411132812,161376.07069778442,26834.1065864563
harmonized,ssp245,late_2081_2100,0.1,127004.48846435547,154589.7511177063,27585.26265335083
harmonized,ssp245,late_2081_2100,0.11,120401.64361572266,150593.37001419067,30191.726398468018
harmonized,ssp245,late_2081_2100,0.12,115910.81970214844,141596.9596710205,25686.13996887207
harmonized,ssp245,late_2081_2100,0.13,111368.18328857422,135542.61682128906,24174.433532714844
harmonized,ssp245,late_2081_2100,0.14,109098.79125976562,126792.36611938477,17693.57485961914
harmonized,ssp245,late_2081_2100,0.15,106086.74365234375,122256.55526733398,16169.811614990234
harmonized,ssp245,late_2081_2100,0.16,105334.8383178711,118501.97640991211,13167.138092041016
harmonized,ssp245,late_2081_2100,0.17,98121.8803100586,113225.99154663086,15104.111236572266
harmonized,ssp245,late_2081_2100,0.18,92860.80279541016,108120.66891479492,15259.866119384766
harmonized,ssp245,late_2081_2100,0.19,87891.34106445312,103820.56091308594,15929.219848632812
harmonized,ssp245,late_2081_2100,0.2,83331.77001953125,103066.61431884766,19734.844299316406
harmonized,ssp245,mid_2041_2060,0.08,142096.1459350586,165956.69902420044,23860.553089141846
harmonized,ssp245,mid_2041_2060,0.09,134541.96411132812,156917.04948806763,22375.085376739502
harmonized,ssp245,mid_2041_2060,0.1,127004.48846435547,147813.5350189209,20809.04655456543
harmonized,ssp245,mid_2041_2060,0.11,120401.64361572266,143150.00625610352,22748.36264038086
harmonized,ssp245,mid_2041_2060,0.12,115910.81970214844,132706.7498474121,16795.930145263672
harmonized,ssp245,mid_2041_2060,0.13,111368.18328857422,126899.80715942383,15531.62387084961
harmonized,ssp245,mid_2041_2060,0.14,109098.79125976562,120051.45449829102,10952.66323852539
harmonized,ssp245,mid_2041_2060,0.15,106086.74365234375,115599.23489379883,9512.491241455078
harmonized,ssp245,mid_2041_2060,0.16,105334.8383178711,113328.41128540039,7993.572967529297
harmonized,ssp245,mid_2041_2060,0.17,98121.8803100586,107312.72134399414,9190.841033935547
harmonized,ssp245,mid_2041_2060,0.18,92860.80279541016,99985.78607177734,7124.9832763671875
harmonized,ssp245,mid_2041_2060,0.19,87891.34106445312,96968.44470214844,9077.103637695312
harmonized,ssp245,mid_2041_2060,0.2,83331.77001953125,95443.18243408203,12111.412414550781
harmonized,ssp245,near_2021_2040,0.08,142096.1459350586,155139.69173049927,13043.545795440674
harmonized,ssp245,near_2021_2040,0.09,134541.96411132812,149203.5533027649,14661.589191436768
harmonized,ssp245,near_2021_2040,0.1,127004.48846435547,141658.08168411255,14653.59321975708
harmonized,ssp245,near_2021_2040,0.11,120401.64361572266,140083.48749160767,19681.84387588501
harmonized,ssp245,near_2021_2040,0.12,115910.81970214844,130517.9196472168,14607.09994506836
harmonized,ssp245,near_2021_2040,0.13,111368.18328857422,122481.83810424805,11113.654815673828
harmonized,ssp245,near_2021_2040,0.14,109098.79125976562,116899.77746582031,7800.9862060546875
harmonized,ssp245,near_2021_2040,0.15,106086.74365234375,112363.92626953125,6277.1826171875
harmonized,ssp245,near_2021_2040,0.16,105334.8383178711,108949.47375488281,3614.6354370117188
harmonized,ssp245,near_2021_2040,0.17,98121.8803100586,107431.98620605469,9310.105895996094
harmonized,ssp245,near_2021_2040,0.18,92860.80279541016,106708.08947753906,13847.286682128906
harmonized,ssp245,near_2021_2040,0.19,87891.34106445312,104440.96380615234,16549.62274169922
harmonized,ssp245,near_2021_2040,0.2,83331.77001953125,99973.36505126953,16641.59503173828
harmonized,ssp585,late_2081_2100,0.08,142096.1459350586,154768.1100654602,12671.964130401611
harmonized,ssp585,late_2081_2100,0.09,134541.96411132812,145730.59434890747,11188.630237579346
harmonized,ssp585,late_2081_2100,0.1,127004.48846435547,138283.29735183716,11278.80888748169
harmonized,ssp585,late_2081_2100,0.11,120401.64361572266,134482.99962234497,14081.356006622314
harmonized,ssp585,late_2081_2100,0.12,115910.81970214844,127633.16654968262,11722.34684753418
harmonized,ssp585,late_2081_2100,0.13,111368.18328857422,118968.77168273926,7600.588394165039
harmonized,ssp585,late_2081_2100,0.14,109098.79125976562,111618.98774719238,2520.196487426758
harmonized,ssp585,late_2081_2100,0.15,106086.74365234375,107589.40376281738,1502.6601104736328
harmonized,ssp585,late_2081_2100,0.16,105334.8383178711,101536.07026672363,-3798.768051147461
harmonized,ssp585,late_2081_2100,0.17,98121.8803100586,96122.24444580078,-1999.6358642578125
harmonized,ssp585,late_2081_2100,0.18,92860.80279541016,91608.91967773438,-1251.8831176757812
harmonized,ssp585,late_2081_2100,0.19,87891.34106445312,90847.58990478516,2956.2488403320312
harmonized,ssp585,late_2081_2100,0.2,83331.77001953125,87819.09259033203,4487.322570800781
harmonized,ssp585,mid_2041_2060,0.08,142096.1459350586,154823.7194404602,12727.573505401611
harmonized,ssp585,mid_2041_2060,0.09,134541.96411132812,148744.86751174927,14202.903400421143
harmonized,ssp585,mid_2041_2060,0.1,127004.48846435547,141881.5120124817,14877.02354812622
harmonized,ssp585,mid_2041_2060,0.11,120401.64361572266,133692.28746032715,13290.643844604492
harmonized,ssp585,mid_2041_2060,0.12,115910.81970214844,126903.82066345215,10993.000961303711
harmonized,ssp585,mid_2041_2060,0.13,111368.18328857422,116552.13792419434,5183.954635620117
harmonized,ssp585,mid_2041_2060,0.14,109098.79125976562,112678.08959960938,3579.29833984375
harmonized,ssp585,mid_2041_2060,0.15,106086.74365234375,105161.4515991211,-925.2920532226562
harmonized,ssp585,mid_2041_2060,0.16,105334.8383178711,101380.84753417969,-3953.9907836914062
harmonized,ssp585,mid_2041_2060,0.17,98121.8803100586,98385.95977783203,264.0794677734375
harmonized,ssp585,mid_2041_2060,0.18,92860.80279541016,96117.65649414062,3256.8536987304688
harmonized,ssp585,mid_2041_2060,0.19,87891.34106445312,93867.96710205078,5976.626037597656
harmonized,ssp585,mid_2041_2060,0.2,83331.77001953125,90828.68200683594,7496.9119873046875
harmonized,ssp585,near_2021_2040,0.08,142096.1459350586,150723.18349075317,8627.03755569458
harmonized,ssp585,near_2021_2040,0.09,134541.96411132812,143165.9870185852,8624.02290725708
harmonized,ssp585,near_2021_2040,0.1,127004.48846435547,140140.67152786255,13136.18306350708
harmonized,ssp585,near_2021_2040,0.11,120401.64361572266,134980.80018997192,14579.156574249268
harmonized,ssp585,near_2021_2040,0.12,115910.81970214844,126782.98048400879,10872.160781860352
harmonized,ssp585,near_2021_2040,0.13,111368.18328857422,117834.30670166016,6466.1234130859375
harmonized,ssp585,near_2021_2040,0.14,109098.79125976562,113110.4867553711,4011.6954956054688
harmonized,ssp585,near_2021_2040,0.15,106086.74365234375,110835.69543457031,4748.9517822265625
harmonized,ssp585,near_2021_2040,0.16,105334.8383178711,106635.66748046875,1300.8291625976562
harmonized,ssp585,near_2021_2040,0.17,98121.8803100586,102917.64440917969,4795.764099121094
harmonized,ssp585,near_2021_2040,0.18,92860.80279541016,96945.4829711914,4084.68017578125
harmonized,ssp585,near_2021_2040,0.19,87891.34106445312,91671.73071289062,3780.3896484375
harmonized,ssp585,near_2021_2040,0.2,83331.77001953125,90154.1337890625,6822.36376953125
reconstructed,ssp245,late_2081_2100,0.08,142096.1459350586,169744.74745178223,27648.601516723633
reconstructed,ssp245,late_2081_2100,0.09,134541.96411132812,161522.74745178223,26980.7833404541
reconstructed,ssp245,late_2081_2100,0.1,127004.48846435547,154736.4278717041,27731.939407348633
reconstructed,ssp245,late_2081_2100,0.11,120401.64361572266,150289.8322906494,29888.188674926758
reconstructed,ssp245,late_2081_2100,0.12,115910.81970214844,141363.3830871582,25452.563385009766
reconstructed,ssp245,late_2081_2100,0.13,111368.18328857422,135513.25588989258,24145.07260131836
reconstructed,ssp245,late_2081_2100,0.14,109098.79125976562,126792.36611938477,17693.57485961914
reconstructed,ssp245,late_2081_2100,0.15,106086.74365234375,122256.55526733398,16169.811614990234
reconstructed,ssp245,late_2081_2100,0.16,105334.8383178711,118501.97640991211,13167.138092041016
reconstructed,ssp245,late_2081_2100,0.17,98121.8803100586,113225.99154663086,15104.111236572266
reconstructed,ssp245,late_2081_2100,0.18,92860.80279541016,108120.66891479492,15259.866119384766
reconstructed,ssp245,late_2081_2100,0.19,87891.34106445312,103820.56091308594,15929.219848632812
reconstructed,ssp245,late_2081_2100,0.2,83331.77001953125,103066.61431884766,19734.844299316406
reconstructed,ssp245,mid_2041_2060,0.08,142096.1459350586,165812.16760253906,23716.02166748047
reconstructed,ssp245,mid_2041_2060,0.09,134541.96411132812,156772.51806640625,22230.553955078125
reconstructed,ssp245,mid_2041_2060,0.1,127004.48846435547,147715.84704589844,20711.35858154297
reconstructed,ssp245,mid_2041_2060,0.11,120401.64361572266,142195.10250854492,21793.458892822266
reconstructed,ssp245,mid_2041_2060,0.12,115910.81970214844,132374.9041442871,16464.084442138672
reconstructed,ssp245,mid_2041_2060,0.13,111368.18328857422,127093.32736206055,15725.144073486328
reconstructed,ssp245,mid_2041_2060,0.14,109098.79125976562,120460.46694946289,11361.675689697266
reconstructed,ssp245,mid_2041_2060,0.15,106086.74365234375,115599.23489379883,9512.491241455078
reconstructed,ssp245,mid_2041_2060,0.16,105334.8383178711,113328.41128540039,7993.572967529297
reconstructed,ssp245,mid_2041_2060,0.17,98121.8803100586,107312.72134399414,9190.841033935547
reconstructed,ssp245,mid_2041_2060,0.18,92860.80279541016,99985.78607177734,7124.9832763671875
reconstructed,ssp245,mid_2041_2060,0.19,87891.34106445312,96968.44470214844,9077.103637695312
reconstructed,ssp245,mid_2041_2060,0.2,83331.77001953125,95443.18243408203,12111.412414550781
reconstructed,ssp245,near_2021_2040,0.08,142096.1459350586,154586.14785766602,12490.001922607422
reconstructed,ssp245,near_2021_2040,0.09,134541.96411132812,148211.63604736328,13669.671936035156
reconstructed,ssp245,near_2021_2040,0.1,127004.48846435547,140043.10638427734,13038.617919921875
reconstructed,ssp245,near_2021_2040,0.11,120401.64361572266,139295.78588867188,18894.14227294922
reconstructed,ssp245,near_2021_2040,0.12,115910.81970214844,130215.43487548828,14304.615173339844
reconstructed,ssp245,near_2021_2040,0.13,111368.18328857422,122766.3403930664,11398.157104492188
reconstructed,ssp245,near_2021_2040,0.14,109098.79125976562,117486.76452636719,8387.973266601562
reconstructed,ssp245,near_2021_2040,0.15,106086.74365234375,112363.92626953125,6277.1826171875
reconstructed,ssp245,near_2021_2040,0.16,105334.8383178711,109358.48620605469,4023.6478881835938
reconstructed,ssp245,near_2021_2040,0.17,98121.8803100586,107431.98620605469,9310.105895996094
reconstructed,ssp245,near_2021_2040,0.18,92860.80279541016,107431.98620605469,14571.183410644531
reconstructed,ssp245,near_2021_2040,0.19,87891.34106445312,105164.86053466797,17273.519470214844
reconstructed,ssp245,near_2021_2040,0.2,83331.77001953125,100697.26177978516,17365.491760253906
reconstructed,ssp585,late_2081_2100,0.08,142096.1459350586,154827.79429626465,12731.648361206055
reconstructed,ssp585,late_2081_2100,0.09,134541.96411132812,145877.27110290527,11335.306991577148
reconstructed,ssp585,late_2081_2100,0.1,127004.48846435547,138429.97410583496,11425.485641479492
reconstructed,ssp585,late_2081_2100,0.11,120401.64361572266,134191.3029937744,13789.659378051758
reconstructed,ssp585,late_2081_2100,0.12,115910.81970214844,127184.09771728516,11273.278015136719
reconstructed,ssp585,late_2081_2100,0.13,111368.18328857422,118958.07623291016,7589.8929443359375
reconstructed,ssp585,late_2081_2100,0.14,109098.79125976562,111608.29229736328,2509.5010375976562
reconstructed,ssp585,late_2081_2100,0.15,106086.74365234375,107385.18811035156,1298.4444580078125
reconstructed,ssp585,late_2081_2100,0.16,105334.8383178711,101331.85461425781,-4002.9837036132812
reconstructed,ssp585,late_2081_2100,0.17,98121.8803100586,96122.24444580078,-1999.6358642578125
reconstructed,ssp585,late_2081_2100,0.18,92860.80279541016,91608.91967773438,-1251.8831176757812
reconstructed,ssp585,late_2081_2100,0.19,87891.34106445312,90847.58990478516,2956.2488403320312
reconstructed,ssp585,late_2081_2100,0.2,83331.77001953125,87819.09259033203,4487.322570800781
reconstructed,ssp585,mid_2041_2060,0.08,142096.1459350586,154883.40367126465,12787.257736206055
reconstructed,ssp585,mid_2041_2060,0.09,134541.96411132812,148804.5517425537,14262.587631225586
reconstructed,ssp585,mid_2041_2060,0.1,127004.48846435547,141002.82832336426,13998.339859008789
reconstructed,ssp585,mid_2041_2060,0.11,120401.64361572266,133243.2186279297,12841.575012207031
reconstructed,ssp585,mid_2041_2060,0.12,115910.81970214844,125789.04510498047,9878.225402832031
reconstructed,ssp585,mid_2041_2060,0.13,111368.18328857422,116103.06909179688,4734.885803222656
reconstructed,ssp585,mid_2041_2060,0.14,109098.79125976562,113087.10205078125,3988.310791015625
reconstructed,ssp585,mid_2041_2060,0.15,106086.74365234375,105161.4515991211,-925.2920532226562
reconstructed,ssp585,mid_2041_2060,0.16,105334.8383178711,101380.84753417969,-3953.9907836914062
reconstructed,ssp585,mid_2041_2060,0.17,98121.8803100586,98385.95977783203,264.0794677734375
reconstructed,ssp585,mid_2041_2060,0.18,92860.80279541016,96117.65649414062,3256.8536987304688
reconstructed,ssp585,mid_2041_2060,0.19,87891.34106445312,93867.96710205078,5976.626037597656
reconstructed,ssp585,mid_2041_2060,0.2,83331.77001953125,90828.68200683594,7496.9119873046875
reconstructed,ssp585,near_2021_2040,0.08,142096.1459350586,150169.63961791992,8073.493682861328
reconstructed,ssp585,near_2021_2040,0.09,134541.96411132812,142612.44314575195,8070.479034423828
reconstructed,ssp585,near_2021_2040,0.1,127004.48846435547,139148.75427246094,12144.265808105469
reconstructed,ssp585,near_2021_2040,0.11,120401.64361572266,133988.8829345703,13587.239318847656
reconstructed,ssp585,near_2021_2040,0.12,115910.81970214844,125837.9066772461,9927.086975097656
reconstructed,ssp585,near_2021_2040,0.13,111368.18328857422,117618.814453125,6250.631164550781
reconstructed,ssp585,near_2021_2040,0.14,109098.79125976562,113110.4867553711,4011.6954956054688
reconstructed,ssp585,near_2021_2040,0.15,106086.74365234375,110835.69543457031,4748.9517822265625
reconstructed,ssp585,near_2021_2040,0.16,105334.8383178711,106635.66748046875,1300.8291625976562
reconstructed,ssp585,near_2021_2040,0.17,98121.8803100586,102917.64440917969,4795.764099121094
reconstructed,ssp585,near_2021_2040,0.18,92860.80279541016,96945.4829711914,4084.68017578125
reconstructed,ssp585,near_2021_2040,0.19,87891.34106445312,91671.73071289062,3780.3896484375
reconstructed,ssp585,near_2021_2040,0.2,83331.77001953125,90154.1337890625,6822.36376953125
direct_hou,ssp245,late_2081_2100,0.08,142096.1459350586,144851.02620315552,2754.880268096924
direct_hou,ssp245,late_2081_2100,0.09,134541.96411132812,137320.46168899536,2778.4975776672363
direct_hou,ssp245,late_2081_2100,0.1,127004.48846435547,132050.8083076477,5046.319843292236
direct_hou,ssp245,late_2081_2100,0.11,120401.64361572266,127260.97804260254,6859.334426879883
direct_hou,ssp245,late_2081_2100,0.12,115910.81970214844,119851.17713928223,3940.357437133789
direct_hou,ssp245,late_2081_2100,0.13,111368.18328857422,115934.27276611328,4566.0894775390625
direct_hou,ssp245,late_2081_2100,0.14,109098.79125976562,112152.27545166016,3053.4841918945312
direct_hou,ssp245,late_2081_2100,0.15,106086.74365234375,106872.6083984375,785.86474609375
direct_hou,ssp245,late_2081_2100,0.16,105334.8383178711,101137.24337768555,-4197.594940185547
direct_hou,ssp245,late_2081_2100,0.17,98121.8803100586,96006.3576965332,-2115.5226135253906
direct_hou,ssp245,late_2081_2100,0.18,92860.80279541016,90975.66357421875,-1885.1392211914062
direct_hou,ssp245,late_2081_2100,0.19,87891.34106445312,89465.91149902344,1574.5704345703125
direct_hou,ssp245,late_2081_2100,0.2,83331.77001953125,87236.16284179688,3904.392822265625
direct_hou,ssp245,mid_2041_2060,0.08,142096.1459350586,148751.6884651184,6655.542530059814
direct_hou,ssp245,mid_2041_2060,0.09,134541.96411132812,141989.52849197388,7447.564380645752
direct_hou,ssp245,mid_2041_2060,0.1,127004.48846435547,132167.074634552,5162.586170196533
direct_hou,ssp245,mid_2041_2060,0.11,120401.64361572266,128940.05490493774,8538.411289215088
direct_hou,ssp245,mid_2041_2060,0.12,115910.81970214844,122430.35144424438,6519.531742095947
direct_hou,ssp245,mid_2041_2060,0.13,111368.18328857422,116308.13882827759,4939.955539703369
direct_hou,ssp245,mid_2041_2060,0.14,109098.79125976562,113028.5510559082,3929.759796142578
direct_hou,ssp245,mid_2041_2060,0.15,106086.74365234375,106000.83673095703,-85.90692138671875
direct_hou,ssp245,mid_2041_2060,0.16,105334.8383178711,102232.42169189453,-3102.4166259765625
direct_hou,ssp245,mid_2041_2060,0.17,98121.8803100586,93915.4076538086,-4206.47265625
direct_hou,ssp245,mid_2041_2060,0.18,92860.80279541016,92427.61743164062,-433.18536376953125
direct_hou,ssp245,mid_2041_2060,0.19,87891.34106445312,89422.85778808594,1531.5167236328125
direct_hou,ssp245,mid_2041_2060,0.2,83331.77001953125,88660.16296386719,5328.3929443359375
direct_hou,ssp245,near_2021_2040,0.08,142096.1459350586,139802.6665840149,-2293.479351043701
direct_hou,ssp245,near_2021_2040,0.09,134541.96411132812,137551.50899124146,3009.54487991333
direct_hou,ssp245,near_2021_2040,0.1,127004.48846435547,132375.15211868286,5370.663654327393
direct_hou,ssp245,near_2021_2040,0.11,120401.64361572266,127644.96844863892,7243.32483291626
direct_hou,ssp245,near_2021_2040,0.12,115910.81970214844,120864.24383926392,4953.4241371154785
direct_hou,ssp245,near_2021_2040,0.13,111368.18328857422,116495.11255264282,5126.9292640686035
direct_hou,ssp245,near_2021_2040,0.14,109098.79125976562,111185.82147216797,2087.0302124023438
direct_hou,ssp245,near_2021_2040,0.15,106086.74365234375,105877.96875,-208.77490234375
direct_hou,ssp245,near_2021_2040,0.16,105334.8383178711,100579.05249023438,-4755.785827636719
direct_hou,ssp245,near_2021_2040,0.17,98121.8803100586,96002.7236328125,-2119.1566772460938
direct_hou,ssp245,near_2021_2040,0.18,92860.80279541016,90783.45733642578,-2077.345458984375
direct_hou,ssp245,near_2021_2040,0.19,87891.34106445312,86257.05975341797,-1634.2813110351562
direct_hou,ssp245,near_2021_2040,0.2,83331.77001953125,83300.18646240234,-31.58355712890625
direct_hou,ssp585,late_2081_2100,0.08,142096.1459350586,130790.11934280396,-11306.026592254639
direct_hou,ssp585,late_2081_2100,0.09,134541.96411132812,123159.45567703247,-11382.508434295654
direct_hou,ssp585,late_2081_2100,0.1,127004.48846435547,112628.27861404419,-14376.20985031128
direct_hou,ssp585,late_2081_2100,0.11,120401.64361572266,102953.32609939575,-17448.317516326904
direct_hou,ssp585,late_2081_2100,0.12,115910.81970214844,97652.32689285278,-18258.492809295654
direct_hou,ssp585,late_2081_2100,0.13,111368.18328857422,90894.68315505981,-20473.500133514404
direct_hou,ssp585,late_2081_2100,0.14,109098.79125976562,84087.09563064575,-25011.695629119873
direct_hou,ssp585,late_2081_2100,0.15,106086.74365234375,80355.03511047363,-25731.708541870117
direct_hou,ssp585,late_2081_2100,0.16,105334.8383178711,77103.17449951172,-28231.663818359375
direct_hou,ssp585,late_2081_2100,0.17,98121.8803100586,73398.13995361328,-24723.740356445312
direct_hou,ssp585,late_2081_2100,0.18,92860.80279541016,68882.91796875,-23977.884826660156
direct_hou,ssp585,late_2081_2100,0.19,87891.34106445312,68127.05633544922,-19764.284729003906
direct_hou,ssp585,late_2081_2100,0.2,83331.77001953125,64349.09130859375,-18982.6787109375
direct_hou,ssp585,mid_2041_2060,0.08,142096.1459350586,127192.27821731567,-14903.86771774292
direct_hou,ssp585,mid_2041_2060,0.09,134541.96411132812,121901.50508499146,-12640.45902633667
direct_hou,ssp585,mid_2041_2060,0.1,127004.48846435547,114275.29466629028,-12729.193798065186
direct_hou,ssp585,mid_2041_2060,0.11,120401.64361572266,110504.3807258606,-9897.26288986206
direct_hou,ssp585,mid_2041_2060,0.12,115910.81970214844,102193.31676101685,-13717.502941131592
direct_hou,ssp585,mid_2041_2060,0.13,111368.18328857422,96851.23136901855,-14516.951919555664
direct_hou,ssp585,mid_2041_2060,0.14,109098.79125976562,94378.69065856934,-14720.100601196289
direct_hou,ssp585,mid_2041_2060,0.15,106086.74365234375,88701.94990539551,-17384.793746948242
direct_hou,ssp585,mid_2041_2060,0.16,105334.8383178711,83967.78778076172,-21367.050537109375
direct_hou,ssp585,mid_2041_2060,0.17,98121.8803100586,80211.30480957031,-17910.57550048828
direct_hou,ssp585,mid_2041_2060,0.18,92860.80279541016,76427.49993896484,-16433.302856445312
direct_hou,ssp585,mid_2041_2060,0.19,87891.34106445312,72659.6752319336,-15231.665832519531
direct_hou,ssp585,mid_2041_2060,0.2,83331.77001953125,69627.69146728516,-13704.078552246094
direct_hou,ssp585,near_2021_2040,0.08,142096.1459350586,133768.67952346802,-8327.466411590576
direct_hou,ssp585,near_2021_2040,0.09,134541.96411132812,128738.75490188599,-5803.209209442139
direct_hou,ssp585,near_2021_2040,0.1,127004.48846435547,118922.27052688599,-8082.217937469482
direct_hou,ssp585,near_2021_2040,0.11,120401.64361572266,115912.01149368286,-4489.632122039795
direct_hou,ssp585,near_2021_2040,0.12,115910.81970214844,111384.28694534302,-4526.53275680542
direct_hou,ssp585,near_2021_2040,0.13,111368.18328857422,108281.24339675903,-3086.9398918151855
direct_hou,ssp585,near_2021_2040,0.14,109098.79125976562,101773.36758422852,-7325.423675537109
direct_hou,ssp585,near_2021_2040,0.15,106086.74365234375,96022.130859375,-10064.61279296875
direct_hou,ssp585,near_2021_2040,0.16,105334.8383178711,94506.83068847656,-10828.007629394531
direct_hou,ssp585,near_2021_2040,0.17,98121.8803100586,90000.00427246094,-8121.876037597656
direct_hou,ssp585,near_2021_2040,0.18,92860.80279541016,84763.7045288086,-8097.0982666015625
direct_hou,ssp585,near_2021_2040,0.19,87891.34106445312,80991.17138671875,-6900.169677734375
direct_hou,ssp585,near_2021_2040,0.2,83331.77001953125,78736.24780273438,-4595.522216796875
