file,column,inferred_dtype
DIRECT_HOU_FACTORIAL_PREDICTIONS.csv.gz,cell_id,object
DIRECT_HOU_FACTORIAL_PREDICTIONS.csv.gz,lon,float64
DIRECT_HOU_FACTORIAL_PREDICTIONS.csv.gz,lat,float64
DIRECT_HOU_FACTORIAL_PREDICTIONS.csv.gz,cell_area_km2,float64
DIRECT_HOU_FACTORIAL_PREDICTIONS.csv.gz,HAND_m,float64
DIRECT_HOU_FACTORIAL_PREDICTIONS.csv.gz,elevation_m,float64
DIRECT_HOU_FACTORIAL_PREDICTIONS.csv.gz,slope_deg,float64
DIRECT_HOU_FACTORIAL_PREDICTIONS.csv.gz,log_upstream_area,float64
DIRECT_HOU_FACTORIAL_PREDICTIONS.csv.gz,PRCPTOT,float64
DIRECT_HOU_FACTORIAL_PREDICTIONS.csv.gz,Rx1day,float64
DIRECT_HOU_FACTORIAL_PREDICTIONS.csv.gz,R10mm,float64
DIRECT_HOU_FACTORIAL_PREDICTIONS.csv.gz,R20mm,float64
DIRECT_HOU_FACTORIAL_PREDICTIONS.csv.gz,SDII,float64
DIRECT_HOU_FACTORIAL_PREDICTIONS.csv.gz,LULC_forest_fraction,float64
DIRECT_HOU_FACTORIAL_PREDICTIONS.csv.gz,LULC_shrub_savanna_grass_fraction,float64
DIRECT_HOU_FACTORIAL_PREDICTIONS.csv.gz,LULC_wetland_fraction,float64
DIRECT_HOU_FACTORIAL_PREDICTIONS.csv.gz,LULC_cropland_fraction,float64
DIRECT_HOU_FACTORIAL_PREDICTIONS.csv.gz,LULC_urban_fraction,float64
DIRECT_HOU_FACTORIAL_PREDICTIONS.csv.gz,LULC_barren_fraction,float64
DIRECT_HOU_FACTORIAL_PREDICTIONS.csv.gz,climate_model,object
DIRECT_HOU_FACTORIAL_PREDICTIONS.csv.gz,scenario,object
DIRECT_HOU_FACTORIAL_PREDICTIONS.csv.gz,period,object
DIRECT_HOU_FACTORIAL_PREDICTIONS.csv.gz,state,object
DIRECT_HOU_FACTORIAL_PREDICTIONS.csv.gz,lat_key,float64
DIRECT_HOU_FACTORIAL_PREDICTIONS.csv.gz,lon_key,float64
DIRECT_HOU_FACTORIAL_PREDICTIONS.csv.gz,PRCPTOT_hist_model,float64
DIRECT_HOU_FACTORIAL_PREDICTIONS.csv.gz,Rx1day_hist_model,float64
DIRECT_HOU_FACTORIAL_PREDICTIONS.csv.gz,R10mm_hist_model,float64
DIRECT_HOU_FACTORIAL_PREDICTIONS.csv.gz,R20mm_hist_model,float64
DIRECT_HOU_FACTORIAL_PREDICTIONS.csv.gz,SDII_hist_model,float64
DIRECT_HOU_FACTORIAL_PREDICTIONS.csv.gz,PRCPTOT_future_model,float64
DIRECT_HOU_FACTORIAL_PREDICTIONS.csv.gz,Rx1day_future_model,float64
DIRECT_HOU_FACTORIAL_PREDICTIONS.csv.gz,R10mm_future_model,float64
DIRECT_HOU_FACTORIAL_PREDICTIONS.csv.gz,R20mm_future_model,float64
DIRECT_HOU_FACTORIAL_PREDICTIONS.csv.gz,SDII_future_model,float64
DIRECT_HOU_FACTORIAL_PREDICTIONS.csv.gz,prob_raw,float64
DIRECT_HOU_FACTORIAL_PREDICTIONS.csv.gz,prob_direct_hou,float64
PHASE5D_HISTORICAL_FEATURE_TABLE.csv.gz,cell_id,object
PHASE5D_HISTORICAL_FEATURE_TABLE.csv.gz,event_id,object
PHASE5D_HISTORICAL_FEATURE_TABLE.csv.gz,year,int64
PHASE5D_HISTORICAL_FEATURE_TABLE.csv.gz,flood_label,int64
PHASE5D_HISTORICAL_FEATURE_TABLE.csv.gz,lon,float64
PHASE5D_HISTORICAL_FEATURE_TABLE.csv.gz,lat,float64
PHASE5D_HISTORICAL_FEATURE_TABLE.csv.gz,cell_area_km2,float64
PHASE5D_HISTORICAL_FEATURE_TABLE.csv.gz,PRCPTOT,float64
PHASE5D_HISTORICAL_FEATURE_TABLE.csv.gz,Rx1day,float64
PHASE5D_HISTORICAL_FEATURE_TABLE.csv.gz,R10mm,float64
PHASE5D_HISTORICAL_FEATURE_TABLE.csv.gz,R20mm,float64
PHASE5D_HISTORICAL_FEATURE_TABLE.csv.gz,SDII,float64
PHASE5D_HISTORICAL_FEATURE_TABLE.csv.gz,HAND_m,float64
PHASE5D_HISTORICAL_FEATURE_TABLE.csv.gz,elevation_m,float64
PHASE5D_HISTORICAL_FEATURE_TABLE.csv.gz,slope_deg,float64
PHASE5D_HISTORICAL_FEATURE_TABLE.csv.gz,log_upstream_area,float64
PHASE5D_HISTORICAL_FEATURE_TABLE.csv.gz,LULC_forest_fraction,float64
PHASE5D_HISTORICAL_FEATURE_TABLE.csv.gz,LULC_shrub_savanna_grass_fraction,float64
PHASE5D_HISTORICAL_FEATURE_TABLE.csv.gz,LULC_wetland_fraction,float64
PHASE5D_HISTORICAL_FEATURE_TABLE.csv.gz,LULC_cropland_fraction,float64
PHASE5D_HISTORICAL_FEATURE_TABLE.csv.gz,LULC_urban_fraction,float64
PHASE5D_HISTORICAL_FEATURE_TABLE.csv.gz,LULC_barren_fraction,float64
PHASE5D_OUTER_OOF_PREDICTIONS.csv.gz,cell_id,object
PHASE5D_OUTER_OOF_PREDICTIONS.csv.gz,event_id,object
PHASE5D_OUTER_OOF_PREDICTIONS.csv.gz,year,int64
PHASE5D_OUTER_OOF_PREDICTIONS.csv.gz,flood_label,int64
PHASE5D_OUTER_OOF_PREDICTIONS.csv.gz,lon,float64
PHASE5D_OUTER_OOF_PREDICTIONS.csv.gz,lat,float64
PHASE5D_OUTER_OOF_PREDICTIONS.csv.gz,cell_area_km2,float64
PHASE5D_OUTER_OOF_PREDICTIONS.csv.gz,selected_model_family,object
PHASE5D_OUTER_OOF_PREDICTIONS.csv.gz,oof_probability,float64
PHASE5D_OUTER_OOF_PREDICTIONS.csv.gz,fold_threshold,float64
PHASE5D_OUTER_OOF_PREDICTIONS.csv.gz,oof_binary,int64
RAW_FACTORIAL_PREDICTIONS.csv.gz,cell_id,object
RAW_FACTORIAL_PREDICTIONS.csv.gz,lon,float64
RAW_FACTORIAL_PREDICTIONS.csv.gz,lat,float64
RAW_FACTORIAL_PREDICTIONS.csv.gz,cell_area_km2,float64
RAW_FACTORIAL_PREDICTIONS.csv.gz,HAND_m,float64
RAW_FACTORIAL_PREDICTIONS.csv.gz,elevation_m,float64
RAW_FACTORIAL_PREDICTIONS.csv.gz,slope_deg,float64
RAW_FACTORIAL_PREDICTIONS.csv.gz,log_upstream_area,float64
RAW_FACTORIAL_PREDICTIONS.csv.gz,PRCPTOT,float64
RAW_FACTORIAL_PREDICTIONS.csv.gz,Rx1day,float64
RAW_FACTORIAL_PREDICTIONS.csv.gz,R10mm,float64
RAW_FACTORIAL_PREDICTIONS.csv.gz,R20mm,float64
RAW_FACTORIAL_PREDICTIONS.csv.gz,SDII,float64
RAW_FACTORIAL_PREDICTIONS.csv.gz,LULC_forest_fraction,float64
RAW_FACTORIAL_PREDICTIONS.csv.gz,LULC_shrub_savanna_grass_fraction,float64
RAW_FACTORIAL_PREDICTIONS.csv.gz,LULC_wetland_fraction,float64
RAW_FACTORIAL_PREDICTIONS.csv.gz,LULC_cropland_fraction,float64
RAW_FACTORIAL_PREDICTIONS.csv.gz,LULC_urban_fraction,float64
RAW_FACTORIAL_PREDICTIONS.csv.gz,LULC_barren_fraction,float64
RAW_FACTORIAL_PREDICTIONS.csv.gz,climate_model,object
RAW_FACTORIAL_PREDICTIONS.csv.gz,scenario,object
RAW_FACTORIAL_PREDICTIONS.csv.gz,period,object
RAW_FACTORIAL_PREDICTIONS.csv.gz,state,object
RAW_FACTORIAL_PREDICTIONS.csv.gz,lat_key,float64
RAW_FACTORIAL_PREDICTIONS.csv.gz,lon_key,float64
RAW_FACTORIAL_PREDICTIONS.csv.gz,PRCPTOT_hist_model,float64
RAW_FACTORIAL_PREDICTIONS.csv.gz,Rx1day_hist_model,float64
RAW_FACTORIAL_PREDICTIONS.csv.gz,R10mm_hist_model,float64
RAW_FACTORIAL_PREDICTIONS.csv.gz,R20mm_hist_model,float64
RAW_FACTORIAL_PREDICTIONS.csv.gz,SDII_hist_model,float64
RAW_FACTORIAL_PREDICTIONS.csv.gz,PRCPTOT_future_model,float64
RAW_FACTORIAL_PREDICTIONS.csv.gz,Rx1day_future_model,float64
RAW_FACTORIAL_PREDICTIONS.csv.gz,R10mm_future_model,float64
RAW_FACTORIAL_PREDICTIONS.csv.gz,R20mm_future_model,float64
RAW_FACTORIAL_PREDICTIONS.csv.gz,SDII_future_model,float64
RAW_FACTORIAL_PREDICTIONS.csv.gz,prob_raw,float64
RAW_HOU_DELTA_RECONSTRUCTION.csv,cell_id,object
RAW_HOU_DELTA_RECONSTRUCTION.csv,LULC_forest_fraction_hou_future,float64
RAW_HOU_DELTA_RECONSTRUCTION.csv,LULC_shrub_savanna_grass_fraction_hou_future,float64
RAW_HOU_DELTA_RECONSTRUCTION.csv,LULC_wetland_fraction_hou_future,float64
RAW_HOU_DELTA_RECONSTRUCTION.csv,LULC_cropland_fraction_hou_future,float64
RAW_HOU_DELTA_RECONSTRUCTION.csv,LULC_urban_fraction_hou_future,float64
RAW_HOU_DELTA_RECONSTRUCTION.csv,LULC_barren_fraction_hou_future,float64
RAW_HOU_DELTA_RECONSTRUCTION.csv,water_fraction,float64
RAW_HOU_DELTA_RECONSTRUCTION.csv,snow_ice_fraction,float64
RAW_HOU_DELTA_RECONSTRUCTION.csv,scenario,object
RAW_HOU_DELTA_RECONSTRUCTION.csv,period,object
RAW_HOU_DELTA_RECONSTRUCTION.csv,LULC_forest_fraction_hou2015,float64
RAW_HOU_DELTA_RECONSTRUCTION.csv,LULC_shrub_savanna_grass_fraction_hou2015,float64
RAW_HOU_DELTA_RECONSTRUCTION.csv,LULC_wetland_fraction_hou2015,float64
RAW_HOU_DELTA_RECONSTRUCTION.csv,LULC_cropland_fraction_hou2015,float64
RAW_HOU_DELTA_RECONSTRUCTION.csv,LULC_urban_fraction_hou2015,float64
RAW_HOU_DELTA_RECONSTRUCTION.csv,LULC_barren_fraction_hou2015,float64
RAW_HOU_DELTA_RECONSTRUCTION.csv,LULC_forest_fraction,float64
RAW_HOU_DELTA_RECONSTRUCTION.csv,LULC_shrub_savanna_grass_fraction,float64
RAW_HOU_DELTA_RECONSTRUCTION.csv,LULC_wetland_fraction,float64
RAW_HOU_DELTA_RECONSTRUCTION.csv,LULC_cropland_fraction,float64
RAW_HOU_DELTA_RECONSTRUCTION.csv,LULC_urban_fraction,float64
RAW_HOU_DELTA_RECONSTRUCTION.csv,LULC_barren_fraction,float64
RAW_HOU_DELTA_RECONSTRUCTION.csv,LULC_forest_fraction_raw_delta,float64
RAW_HOU_DELTA_RECONSTRUCTION.csv,LULC_forest_fraction_reconstructed,float64
RAW_HOU_DELTA_RECONSTRUCTION.csv,LULC_shrub_savanna_grass_fraction_raw_delta,float64
RAW_HOU_DELTA_RECONSTRUCTION.csv,LULC_shrub_savanna_grass_fraction_reconstructed,float64
RAW_HOU_DELTA_RECONSTRUCTION.csv,LULC_wetland_fraction_raw_delta,float64
RAW_HOU_DELTA_RECONSTRUCTION.csv,LULC_wetland_fraction_reconstructed,float64
RAW_HOU_DELTA_RECONSTRUCTION.csv,LULC_cropland_fraction_raw_delta,float64
RAW_HOU_DELTA_RECONSTRUCTION.csv,LULC_cropland_fraction_reconstructed,float64
RAW_HOU_DELTA_RECONSTRUCTION.csv,LULC_urban_fraction_raw_delta,float64
RAW_HOU_DELTA_RECONSTRUCTION.csv,LULC_urban_fraction_reconstructed,float64
RAW_HOU_DELTA_RECONSTRUCTION.csv,LULC_barren_fraction_raw_delta,float64
RAW_HOU_DELTA_RECONSTRUCTION.csv,LULC_barren_fraction_reconstructed,float64
RAW_HOU_DELTA_RECONSTRUCTION.csv,sum_after_bounding_before_closure,float64
RAW_HOU_DELTA_RECONSTRUCTION.csv,closure_rescaled,bool
RAW_HOU_DELTA_RECONSTRUCTION.csv,final_six_fraction_sum,float64
RAW_HOU_RECONSTRUCTED_FACTORIAL.csv.gz,cell_id,object
RAW_HOU_RECONSTRUCTED_FACTORIAL.csv.gz,lon,float64
RAW_HOU_RECONSTRUCTED_FACTORIAL.csv.gz,lat,float64
RAW_HOU_RECONSTRUCTED_FACTORIAL.csv.gz,cell_area_km2,float64
RAW_HOU_RECONSTRUCTED_FACTORIAL.csv.gz,HAND_m,float64
RAW_HOU_RECONSTRUCTED_FACTORIAL.csv.gz,elevation_m,float64
RAW_HOU_RECONSTRUCTED_FACTORIAL.csv.gz,slope_deg,float64
RAW_HOU_RECONSTRUCTED_FACTORIAL.csv.gz,log_upstream_area,float64
RAW_HOU_RECONSTRUCTED_FACTORIAL.csv.gz,PRCPTOT,float64
RAW_HOU_RECONSTRUCTED_FACTORIAL.csv.gz,Rx1day,float64
RAW_HOU_RECONSTRUCTED_FACTORIAL.csv.gz,R10mm,float64
RAW_HOU_RECONSTRUCTED_FACTORIAL.csv.gz,R20mm,float64
RAW_HOU_RECONSTRUCTED_FACTORIAL.csv.gz,SDII,float64
RAW_HOU_RECONSTRUCTED_FACTORIAL.csv.gz,LULC_forest_fraction,float64
RAW_HOU_RECONSTRUCTED_FACTORIAL.csv.gz,LULC_shrub_savanna_grass_fraction,float64
RAW_HOU_RECONSTRUCTED_FACTORIAL.csv.gz,LULC_wetland_fraction,float64
RAW_HOU_RECONSTRUCTED_FACTORIAL.csv.gz,LULC_cropland_fraction,float64
RAW_HOU_RECONSTRUCTED_FACTORIAL.csv.gz,LULC_urban_fraction,float64
RAW_HOU_RECONSTRUCTED_FACTORIAL.csv.gz,LULC_barren_fraction,float64
RAW_HOU_RECONSTRUCTED_FACTORIAL.csv.gz,climate_model,object
RAW_HOU_RECONSTRUCTED_FACTORIAL.csv.gz,scenario,object
RAW_HOU_RECONSTRUCTED_FACTORIAL.csv.gz,period,object
RAW_HOU_RECONSTRUCTED_FACTORIAL.csv.gz,state,object
RAW_HOU_RECONSTRUCTED_FACTORIAL.csv.gz,lat_key,float64
RAW_HOU_RECONSTRUCTED_FACTORIAL.csv.gz,lon_key,float64
RAW_HOU_RECONSTRUCTED_FACTORIAL.csv.gz,PRCPTOT_hist_model,float64
RAW_HOU_RECONSTRUCTED_FACTORIAL.csv.gz,Rx1day_hist_model,float64
RAW_HOU_RECONSTRUCTED_FACTORIAL.csv.gz,R10mm_hist_model,float64
RAW_HOU_RECONSTRUCTED_FACTORIAL.csv.gz,R20mm_hist_model,float64
RAW_HOU_RECONSTRUCTED_FACTORIAL.csv.gz,SDII_hist_model,float64
RAW_HOU_RECONSTRUCTED_FACTORIAL.csv.gz,PRCPTOT_future_model,float64
RAW_HOU_RECONSTRUCTED_FACTORIAL.csv.gz,Rx1day_future_model,float64
RAW_HOU_RECONSTRUCTED_FACTORIAL.csv.gz,R10mm_future_model,float64
RAW_HOU_RECONSTRUCTED_FACTORIAL.csv.gz,R20mm_future_model,float64
RAW_HOU_RECONSTRUCTED_FACTORIAL.csv.gz,SDII_future_model,float64
RAW_HOU_RECONSTRUCTED_FACTORIAL.csv.gz,prob_raw,float64
RAW_HOU_RECONSTRUCTED_FACTORIAL.csv.gz,prob_raw_hou_reconstructed,float64
